<?xml version="1.0" encoding="ISO-8859-1"?>
<config>

  <!-- The starting directory. -->
  <directory type="directory">C:/Data/</directory>

  <!-- The setup name -->
  <setup_name type="string">none</setup_name>

  <!-- The ui type, this is 'classic' or 'detached' -->
  <ui_type type="string">classic</ui_type>

  <!--
      This has two effects:
      
      (1) If this is True any exception will immediately crash HAL, which can
      be useful for debugging. If it is False then some exceptions will be
      handled by the modules.
      
      (2) If it is False we also don't check whether messages are valid.
  -->
  <strict type="boolean">True</strict>
  
  <!--
      Define the modules to use for this setup.
  -->
  <modules>

    <!--
	This is the main window, you must have this.
    -->
    <hal>
      <module_name type="string">storm_control.hal4000.hal4000</module_name>
      <class_name type="string">HalController</class_name>
    </hal>

    <!--
	You also need all of these.
    -->

    <!-- Camera display. -->
    <display>
      <class_name type="string">Display</class_name>
      <module_name type="string">storm_control.hal4000.display.display</module_name>
      <parameters>

	<!-- The default color table. Other options are in hal4000/colorTables/all_tables -->
	<colortable type="string">idl5.ctbl</colortable>
	
      </parameters>
    </display>
    
    <!-- Feeds. -->
    <feeds>
      <class_name type="string">Feeds</class_name>
      <module_name type="string">storm_control.hal4000.feeds.feeds</module_name>
    </feeds>

    <!-- Filming and starting/stopping the camera. -->
    <film>
      <class_name type="string">Film</class_name>
      <module_name type="string">storm_control.hal4000.film.film</module_name>

      <!-- Film parameters specific to this setup go here. -->
      <parameters>
	<extension desc="Movie file name extension" type="string" values=",Red,Green,Blue"></extension>
      </parameters>
    </film>

    <!-- Which objective is being used, etc. -->
    <mosaic>
      <class_name type="string">Mosaic</class_name>
      <module_name type="string">storm_control.hal4000.mosaic.mosaic</module_name>

      <!-- List objectives available on this setup here. -->
      <parameters>
	<flip_horizontal desc="Flip image horizontal (mosaic)" type="boolean">False</flip_horizontal>
	<flip_vertical desc="Flip image vertical (mosaic)" type="boolean">False</flip_vertical>
	<transpose desc="Transpose image (mosaic)" type="boolean">False</transpose>

	<objective desc="Current objective" type="string" values="obj1,obj2,obj3">obj1</objective>
	<obj1 desc="Objective 1" type="custom">100x,0.160,0.0,0.0</obj1>
	<obj2 desc="Objective 2" type="custom">10x,1.60,0.0,0.0</obj2>
	<obj3 desc="Objective 3" type="custom">4x,4.0,0.0,0.0</obj3>	
      </parameters>
    </mosaic>

    <!-- Loading, changing and editting settings/parameters -->
    <settings>
      <class_name type="string">Settings</class_name>
      <module_name type="string">storm_control.hal4000.settings.settings</module_name>
    </settings>

    <!-- Set the time base for films. -->
    <timing>
      <class_name type="string">Timing</class_name>
      <module_name type="string">storm_control.hal4000.timing.timing</module_name>
      <parameters>
	<time_base type="string">camera1</time_base>
      </parameters>
    </timing>
  
    <!--
	Everything else is optional, but you probably want at least one camera.
    -->

    <!-- Camera control. -->
    <!--
	Note that the cameras must have the names "camera1", "camera2", etc..
	
	Cameras are either "master" (they provide their own hardware timing)
	or "slave" they are timed by another camera. Each time the cameras
	are started the slave cameras are started first, then the master cameras.
    -->

    <camera1>
      <class_name type="string">Camera</class_name>
      <module_name type="string">storm_control.hal4000.camera.camera</module_name>
      <camera>
	<master type="boolean">True</master>
	<class_name type="string">NoneCameraControl</class_name>
	<module_name type="string">storm_control.hal4000.camera.noneCameraControl</module_name>
	<parameters>
	  
	  <!-- This is specific to the emulated camera. -->
	  <roll type="float">1.0</roll>

          <!-- These should be specified for every camera, and cannot be changed
	       in HAL when running. -->
	  <!-- These are the display defaults, not the camera range. -->
	  <default_max type="int">300</default_max> 
	  <default_min type="int">0</default_min>
	  <flip_horizontal type="boolean">False</flip_horizontal>
	  <flip_vertical type="boolean">False</flip_vertical>
	  <transpose type="boolean">False</transpose>

	  <!-- These can be changed / editted. -->

	  <!-- This is the extension to use (if any) when saving data from this camera. -->
	  <extension type="string"></extension>
	  
	  <!-- Whether or not data from this camera is saved during filming. -->
	  <saved type="boolean">True</saved>

	</parameters>
      </camera>
    </camera1>

    <!-- AOTF control -->
    <aotf>
      <module_name type="string">storm_control.sc_hardware.none.noneAOTFModule</module_name>
      <class_name type="string">NoneAOTFModule</class_name>

      <configuration>
	<off_frequency type="float">20.0</off_frequency>
	<used_during_filming type="boolean">True</used_during_filming>
	
	<!-- These are the things that we provide AOTF functionality for.
	     Other modules will request them with a 'get functionality'
	     message and "name" = "aotf.xxx". -->

	<ilm647>
	  <channel type="int">0</channel>
	  <frequency type="float">90.0</frequency>
	  <maximum type="int">5000</maximum>
	</ilm647>
	<ilm561>
	  <channel type="int">1</channel>
	  <frequency type="float">108.0</frequency>
	  <maximum type="int">4000</maximum>
	</ilm561>
	<ilm488>
	  <channel type="int">2</channel>
	  <frequency type="float">131.0</frequency>
	  <maximum type="int">3000</maximum>
	</ilm488>
	
      </configuration>
    </aotf>
    
    <!-- DAQ control -->
    <daq>
      <module_name type="string">storm_control.sc_hardware.none.noneDaqModule</module_name>
      <class_name type="string">NoneDaqModule</class_name>

      <configuration>

	<!-- These are the things that we provide DAQ functionality for.
	     Other modules will request them with a 'get functionality'
	     message and "name" = "daq.xxx.yyy". -->

	<ilm750>
	  <do_task>
	    <source type="string">/do/line0</source>
	  </do_task>
	</ilm750>

	<ilm647>
	  <ao_task>
	    <source type="string">/ao/line0</source>
	  </ao_task>

	  <do_task>
	    <source type="string">/do/line1</source>
	  </do_task>	  
	</ilm647>

	<ilm647m>
	  <do_task>
	    <source type="string">/do/line2</source>
	  </do_task>
	</ilm647m>

	<ilm561>
	  <ao_task>
	    <source type="string">/ao/line1</source>
	  </ao_task>

	  <do_task>
	    <source type="string">/do/line3</source>
	  </do_task>
	</ilm561>

	<ilm532>
	  <do_task>
	    <source type="string">/do/line4</source>
	  </do_task>
	</ilm532>

	<ilm488>
	  <ao_task>
	    <source type="string">/ao/line2</source>
	  </ao_task>
	</ilm488>

	<ilm405>
	  <do_task>
	    <source type="string">/do/line5</source>
	  </do_task>
	</ilm405>	
      </configuration>
      
    </daq>

    <!-- Filter wheel control GUI. -->
    <filter_wheel>
      <class_name type="string">FilterWheel</class_name>
      <module_name type="string">storm_control.hal4000.miscControl.filterWheel</module_name>
      <configuration>
	<filter_wheel_fn type="string">none_em_filter_wheel</filter_wheel_fn>
	<filters type="string">DAPI,Cy2,Cy3,A647,A750,None</filters>
      </configuration>
    </filter_wheel>
    
    <!-- Focus lock control GUI. -->
    <focuslock>
      <class_name type="string">FocusLock</class_name>
      <module_name type="string">storm_control.hal4000.focusLock.focusLock</module_name>
      <configuration>
	<ir_laser type="string">none_irlaser</ir_laser>
	<ir_power type="int">10</ir_power>
	<lock_modes type="string">NoLockMode,AutoLockMode,AlwaysOnLockMode,OptimalLockMode,CalibrationLockMode</lock_modes>
	<qpd type="string">none_qpd</qpd>
	<z_stage type="string">none_zstage</z_stage>
	<parameters>
	  <find_sum>
	    <step_size type="float">1.0</step_size>
	  </find_sum>
	  <locked>
	    <buffer_length type="int">5</buffer_length>
	    <offset_threshold type="float">20.0</offset_threshold>
	  </locked>
	  <jump_size type="float">0.1</jump_size>
	</parameters>
      </configuration>
    </focuslock>
    
    <!-- Illumination (lasers, shutters, etc) control GUI. -->
    <illumination>
      <class_name type="string">Illumination</class_name>
      <module_name type="string">storm_control.hal4000.illumination.illumination</module_name>
      <configuration>

	<!-- Note: The name of the channel is the gui_name.
	     XML tags cannot start with numbers. -->
	<ch1>
	  <gui_name type="string">750</gui_name>
	  <color type="string">200,0,0</color>
	  <amplitude_modulation>
	    <hw_fn_name>none_wheel1</hw_fn_name>
	  </amplitude_modulation>
	  <digital_modulation>
	    <hw_fn_name type="string">daq.ilm750.do_task</hw_fn_name>
	  </digital_modulation>
	</ch1>
	<ch2>
	  <gui_name type="string">647</gui_name>
	  <color type="string">255,0,0</color>
	  <amplitude_modulation>
	    <hw_fn_name>aotf.ilm647</hw_fn_name>
	  </amplitude_modulation>	  
	  <analog_modulation>
	    <hw_fn_name type="string">daq.ilm647.ao_task</hw_fn_name>
	    <max_voltage type="float">1.0</max_voltage>
	    <min_voltage type="float">0.0</min_voltage>
	  </analog_modulation>
	  <digital_modulation>
	    <hw_fn_name type="string">daq.ilm647.do_task</hw_fn_name>
	  </digital_modulation>
	  <mechanical_shutter>
	    <hw_fn_name type="string">daq.ilm647m.do_task</hw_fn_name>
	  </mechanical_shutter>	  
	</ch2>
	<ch3>
	  <gui_name type="string">561</gui_name>
	  <color type="string">255,255,0</color>
	  <amplitude_modulation>
	    <hw_fn_name>aotf.ilm561</hw_fn_name>
	  </amplitude_modulation>	  
	  <analog_modulation>
	    <hw_fn_name type="string">daq.ilm561.ao_task</hw_fn_name>
	    <max_voltage type="float">1.0</max_voltage>
	    <min_voltage type="float">0.0</min_voltage>
	  </analog_modulation>	  
	  <digital_modulation>
	    <hw_fn_name type="string">daq.ilm561.do_task</hw_fn_name>
	  </digital_modulation>
	</ch3>
	<ch4>
	  <gui_name type="string">532</gui_name>
	  <color type="string">0,255,0</color>
	  <digital_modulation>
	    <hw_fn_name type="string">daq.ilm532.do_task</hw_fn_name>
	  </digital_modulation>
	</ch4>
	<ch5>
	  <gui_name type="string">488</gui_name>
	  <color type="string">0,255,255</color>
	  <amplitude_modulation>
	    <hw_fn_name>aotf.ilm488</hw_fn_name>
	  </amplitude_modulation>	  
	  <analog_modulation>
	    <hw_fn_name type="string">daq.ilm488.ao_task</hw_fn_name>
	    <max_voltage type="float">1.0</max_voltage>
	    <min_voltage type="float">0.0</min_voltage>
	  </analog_modulation>
	</ch5>
	<ch6>
	  <gui_name type="string">405</gui_name>
	  <color type="string">255,0,255</color>
	  <amplitude_modulation>
	    <hw_fn_name>none_405</hw_fn_name>
	  </amplitude_modulation>
	  <digital_modulation>
	    <hw_fn_name type="string">daq.ilm405.do_task</hw_fn_name>
	  </digital_modulation>
	</ch6>
      </configuration>
    </illumination>

    <none_405>
      <module_name type="string">storm_control.sc_hardware.none.noneLaserModule</module_name>
      <class_name type="string">NoneLaserModule</class_name>

      <configuration>
	<used_during_filming type="boolean">True</used_during_filming>
      </configuration>      
    </none_405>

    <none_em_filter_wheel>
      <module_name type="string">storm_control.sc_hardware.none.noneEMFilterWheelModule</module_name>
      <class_name type="string">NoneEMFilterWheelModule</class_name>
    </none_em_filter_wheel>
      
    <none_irlaser>
      <module_name type="string">storm_control.sc_hardware.none.noneIRLaserModule</module_name>
      <class_name type="string">NoneIRLaserModule</class_name>
    </none_irlaser>
    
    <none_qpd>
      <module_name type="string">storm_control.sc_hardware.none.noneQPDModule</module_name>
      <class_name type="string">NoneQPDModule</class_name>

      <configuration>
	<parameters>
	  <max_voltage type="float">10.0</max_voltage>
	  <min_voltage type="float">-10.0</min_voltage>
	  <offset_has_center_bar type="boolean">True</offset_has_center_bar>
	  <offset_maximum type="float">0.6</offset_maximum>
	  <offset_minimum type="float">-0.6</offset_minimum>
	  <offset_warning_high type="float">0.5</offset_warning_high>
	  <offset_warning_low type="float">-0.5</offset_warning_low>
	  <sum_maximum type="float">1000.0</sum_maximum>
	  <sum_minimum type="float">0.0</sum_minimum>
	  <sum_warning_low type="float">100.0</sum_warning_low>
	</parameters>
	<units_to_microns type="float">1.0</units_to_microns>

	<!-- These are for simulation / testing -->
	<noise type="float">0.5e-2</noise>
	<tilt type="float">1.0e-3</tilt>
	<xy_stage_fn type="string">none_stage</xy_stage_fn>
	<z_stage_fn type="string">none_zstage</z_stage_fn>
      </configuration>
    </none_qpd>

    <none_stage>
      <module_name type="string">storm_control.sc_hardware.none.noneStageModule</module_name>
      <class_name type="string">NoneStageModule</class_name>

      <configuration>
	<velocity type="float">100.0</velocity>
      </configuration>
    </none_stage>
    
    <none_wheel1>
      <module_name type="string">storm_control.sc_hardware.none.noneFilterWheelModule</module_name>
      <class_name type="string">NoneFilterWheelModule</class_name>
    </none_wheel1>

    <none_zstage>
      <module_name type="string">storm_control.sc_hardware.none.noneZStageModule</module_name>
      <class_name type="string">NoneZStageModule</class_name>

      <configuration>
	<parameters>
	  <center type="float">50.0</center>
	  <has_center_bar type="boolean">True</has_center_bar>
	  <maximum type="float">100.0</maximum>
	  <minimum type="float">0.0</minimum>
	  <warning_high type="float">95.0</warning_high>
	  <warning_low type="float">5.0</warning_low>
	</parameters>
      </configuration>
    </none_zstage>

    <!-- Progression control GUI -->
    <progressions>
      <module_name type="string">storm_control.hal4000.progressions.progressions</module_name>
      <class_name type="string">Progressions</class_name>
      <configuration>
	<illumination_functionality type="string">illumination</illumination_functionality>

	<frames type="int">100</frames>
	<increment type="float">0.01</increment>
	<starting_value type="float">0.1</starting_value>
      </configuration>
    </progressions>

    <!-- sCMOS calibration module -->
    <scmos_cal>
      <module_name type="string">storm_control.hal4000.miscControl.scmosCalibration</module_name>
      <class_name type="string">SCMOSCalibration</class_name>
    </scmos_cal>
        
    <!-- Spot counter and GUI -->
    <spotcounter>
      <module_name type="string">storm_control.hal4000.spotCounter.spotCounter</module_name>
      <class_name type="string">SpotCounter</class_name>	    
      <configuration>
	<max_threads type="int">4</max_threads>
	<max_size type="int">263000</max_size>
      </configuration>
    </spotcounter>

    <!-- Stage control GUI -->
    <stage>
      <module_name type="string">storm_control.hal4000.stage.stage</module_name>
      <class_name type="string">Stage</class_name>	    
      <configuration>
	<stage_functionality type="string">none_stage</stage_functionality>
      </configuration>
    </stage>

    <!-- TCP control -->
    <tcp_control>
      <module_name type="string">storm_control.hal4000.tcpControl.tcpControl</module_name>
      <class_name type="string">TCPControl</class_name>	    
      <configuration>
	<parallel_mode type="boolean">True</parallel_mode>
	<tcp_port type="int">9000</tcp_port>
      </configuration>
    </tcp_control>
    
  </modules>
  
</config>
