<?xml version="1.0" encoding="ISO-8859-1"?>
<repeat>
  <oversampling>1</oversampling>
  <frames>200</frames>
  
  <event>
    <channel>0</channel>
    <power>1</power>
    <on>0.0</on>
    <off>1.0</off>
    <color>255,255,255</color>
  </event>
  <event>
    <channel>1</channel>
    <power>1</power>
    <on>1.0</on>
    <off>2.0</off>
    <color>255,255,255</color>
  </event>
  <event>
    <channel>3</channel>
    <power>1</power>
    <on>2.0</on>
    <off>3.0</off>
    <color>255,255,255</color>
  </event>
  <event>
    <channel>4</channel>
    <power>1</power>
    <on>3.0</on>
    <off>4.0</off>
    <color>255,255,255</color>
  </event>
  
  <event>
    <channel>0</channel>
    <power>1</power>
    <on>4.0</on>
    <off>5.0</off>
    <color>255,255,255</color>
  </event>
  <event>
    <channel>1</channel>
    <power>1</power>
    <on>5.0</on>
    <off>6.0</off>
    <color>255,255,255</color>
  </event>
  <event>
    <channel>3</channel>
    <power>1</power>
    <on>6.0</on>
    <off>7.0</off>
    <color>255,255,255</color>
  </event>
  <event>
    <channel>4</channel>
    <power>1</power>
    <on>7.0</on>
    <off>8.0</off>
    <color>255,255,255</color>
  </event>
  
  <event>
    <channel>0</channel>
    <power>1</power>
    <on>8.0</on>
    <off>9.0</off>
    <color>255,255,255</color>
  </event>
  <event>
    <channel>1</channel>
    <power>1</power>
    <on>9.0</on>
    <off>10.0</off>
    <color>255,255,255</color>
  </event>
  <event>
    <channel>3</channel>
    <power>1</power>
    <on>10.0</on>
    <off>11.0</off>
    <color>255,255,255</color>
  </event>
  <event>
    <channel>4</channel>
    <power>1</power>
    <on>11.0</on>
    <off>12.0</off>
    <color>255,255,255</color>
  </event>
  
  <event>
    <channel>0</channel>
    <power>1</power>
    <on>12.0</on>
    <off>13.0</off>
    <color>255,255,255</color>
  </event>
  <event>
    <channel>1</channel>
    <power>1</power>
    <on>13.0</on>
    <off>14.0</off>
    <color>255,255,255</color>
  </event>
  <event>
    <channel>3</channel>
    <power>1</power>
    <on>14.0</on>
    <off>15.0</off>
    <color>255,255,255</color>
  </event>
  <event>
    <channel>4</channel>
    <power>1</power>
    <on>15.0</on>
    <off>16.0</off>
    <color>255,255,255</color>
  </event>
  
  <event>
    <channel>0</channel>
    <power>1</power>
    <on>16.0</on>
    <off>17.0</off>
    <color>255,255,255</color>
  </event>
  <event>
    <channel>1</channel>
    <power>1</power>
    <on>17.0</on>
    <off>18.0</off>
    <color>255,255,255</color>
  </event>
  <event>
    <channel>3</channel>
    <power>1</power>
    <on>18.0</on>
    <off>19.0</off>
    <color>255,255,255</color>
  </event>
  <event>
    <channel>4</channel>
    <power>1</power>
    <on>19.0</on>
    <off>20.0</off>
    <color>255,255,255</color>
  </event>
  
  <event>
    <channel>0</channel>
    <power>1</power>
    <on>20.0</on>
    <off>21.0</off>
    <color>255,255,255</color>
  </event>
  <event>
    <channel>1</channel>
    <power>1</power>
    <on>21.0</on>
    <off>22.0</off>
    <color>255,255,255</color>
  </event>
  <event>
    <channel>3</channel>
    <power>1</power>
    <on>22.0</on>
    <off>23.0</off>
    <color>255,255,255</color>
  </event>
  <event>
    <channel>4</channel>
    <power>1</power>
    <on>23.0</on>
    <off>24.0</off>
    <color>255,255,255</color>
  </event>
  
  <event>
    <channel>0</channel>
    <power>1</power>
    <on>24.0</on>
    <off>25.0</off>
    <color>255,255,255</color>
  </event>
  <event>
    <channel>1</channel>
    <power>1</power>
    <on>25.0</on>
    <off>26.0</off>
    <color>255,255,255</color>
  </event>
  <event>
    <channel>3</channel>
    <power>1</power>
    <on>26.0</on>
    <off>27.0</off>
    <color>255,255,255</color>
  </event>
  <event>
    <channel>4</channel>
    <power>1</power>
    <on>27.0</on>
    <off>28.0</off>
    <color>255,255,255</color>
  </event>
  
  <event>
    <channel>0</channel>
    <power>1</power>
    <on>28.0</on>
    <off>29.0</off>
    <color>255,255,255</color>
  </event>
  <event>
    <channel>1</channel>
    <power>1</power>
    <on>29.0</on>
    <off>30.0</off>
    <color>255,255,255</color>
  </event>
  <event>
    <channel>3</channel>
    <power>1</power>
    <on>30.0</on>
    <off>31.0</off>
    <color>255,255,255</color>
  </event>
  <event>
    <channel>4</channel>
    <power>1</power>
    <on>31.0</on>
    <off>32.0</off>
    <color>255,255,255</color>
  </event>
  
  <event>
    <channel>0</channel>
    <power>1</power>
    <on>32.0</on>
    <off>33.0</off>
    <color>255,255,255</color>
  </event>
  <event>
    <channel>1</channel>
    <power>1</power>
    <on>33.0</on>
    <off>34.0</off>
    <color>255,255,255</color>
  </event>
  <event>
    <channel>3</channel>
    <power>1</power>
    <on>34.0</on>
    <off>35.0</off>
    <color>255,255,255</color>
  </event>
  <event>
    <channel>4</channel>
    <power>1</power>
    <on>35.0</on>
    <off>36.0</off>
    <color>255,255,255</color>
  </event>
  
  <event>
    <channel>0</channel>
    <power>1</power>
    <on>36.0</on>
    <off>37.0</off>
    <color>255,255,255</color>
  </event>
  <event>
    <channel>1</channel>
    <power>1</power>
    <on>37.0</on>
    <off>38.0</off>
    <color>255,255,255</color>
  </event>
  <event>
    <channel>3</channel>
    <power>1</power>
    <on>38.0</on>
    <off>39.0</off>
    <color>255,255,255</color>
  </event>
  <event>
    <channel>4</channel>
    <power>1</power>
    <on>39.0</on>
    <off>40.0</off>
    <color>255,255,255</color>
  </event>
  
  <event>
    <channel>0</channel>
    <power>1</power>
    <on>40.0</on>
    <off>41.0</off>
    <color>255,255,255</color>
  </event>
  <event>
    <channel>1</channel>
    <power>1</power>
    <on>41.0</on>
    <off>42.0</off>
    <color>255,255,255</color>
  </event>
  <event>
    <channel>3</channel>
    <power>1</power>
    <on>42.0</on>
    <off>43.0</off>
    <color>255,255,255</color>
  </event>
  <event>
    <channel>4</channel>
    <power>1</power>
    <on>43.0</on>
    <off>44.0</off>
    <color>255,255,255</color>
  </event>
  
  <event>
    <channel>0</channel>
    <power>1</power>
    <on>44.0</on>
    <off>45.0</off>
    <color>255,255,255</color>
  </event>
  <event>
    <channel>1</channel>
    <power>1</power>
    <on>45.0</on>
    <off>46.0</off>
    <color>255,255,255</color>
  </event>
  <event>
    <channel>3</channel>
    <power>1</power>
    <on>46.0</on>
    <off>47.0</off>
    <color>255,255,255</color>
  </event>
  <event>
    <channel>4</channel>
    <power>1</power>
    <on>47.0</on>
    <off>48.0</off>
    <color>255,255,255</color>
  </event>
  
  <event>
    <channel>0</channel>
    <power>1</power>
    <on>48.0</on>
    <off>49.0</off>
    <color>255,255,255</color>
  </event>
  <event>
    <channel>1</channel>
    <power>1</power>
    <on>49.0</on>
    <off>50.0</off>
    <color>255,255,255</color>
  </event>
  <event>
    <channel>3</channel>
    <power>1</power>
    <on>50.0</on>
    <off>51.0</off>
    <color>255,255,255</color>
  </event>
  <event>
    <channel>4</channel>
    <power>1</power>
    <on>51.0</on>
    <off>52.0</off>
    <color>255,255,255</color>
  </event>
  
  <event>
    <channel>0</channel>
    <power>1</power>
    <on>52.0</on>
    <off>53.0</off>
    <color>255,255,255</color>
  </event>
  <event>
    <channel>1</channel>
    <power>1</power>
    <on>53.0</on>
    <off>54.0</off>
    <color>255,255,255</color>
  </event>
  <event>
    <channel>3</channel>
    <power>1</power>
    <on>54.0</on>
    <off>55.0</off>
    <color>255,255,255</color>
  </event>
  <event>
    <channel>4</channel>
    <power>1</power>
    <on>55.0</on>
    <off>56.0</off>
    <color>255,255,255</color>
  </event>
  
  <event>
    <channel>0</channel>
    <power>1</power>
    <on>56.0</on>
    <off>57.0</off>
    <color>255,255,255</color>
  </event>
  <event>
    <channel>1</channel>
    <power>1</power>
    <on>57.0</on>
    <off>58.0</off>
    <color>255,255,255</color>
  </event>
  <event>
    <channel>3</channel>
    <power>1</power>
    <on>58.0</on>
    <off>59.0</off>
    <color>255,255,255</color>
  </event>
  <event>
    <channel>4</channel>
    <power>1</power>
    <on>59.0</on>
    <off>60.0</off>
    <color>255,255,255</color>
  </event>
  
  <event>
    <channel>0</channel>
    <power>1</power>
    <on>60.0</on>
    <off>61.0</off>
    <color>255,255,255</color>
  </event>
  <event>
    <channel>1</channel>
    <power>1</power>
    <on>61.0</on>
    <off>62.0</off>
    <color>255,255,255</color>
  </event>
  <event>
    <channel>3</channel>
    <power>1</power>
    <on>62.0</on>
    <off>63.0</off>
    <color>255,255,255</color>
  </event>
  <event>
    <channel>4</channel>
    <power>1</power>
    <on>63.0</on>
    <off>64.0</off>
    <color>255,255,255</color>
  </event>
  
  <event>
    <channel>0</channel>
    <power>1</power>
    <on>64.0</on>
    <off>65.0</off>
    <color>255,255,255</color>
  </event>
  <event>
    <channel>1</channel>
    <power>1</power>
    <on>65.0</on>
    <off>66.0</off>
    <color>255,255,255</color>
  </event>
  <event>
    <channel>3</channel>
    <power>1</power>
    <on>66.0</on>
    <off>67.0</off>
    <color>255,255,255</color>
  </event>
  <event>
    <channel>4</channel>
    <power>1</power>
    <on>67.0</on>
    <off>68.0</off>
    <color>255,255,255</color>
  </event>
  
  <event>
    <channel>0</channel>
    <power>1</power>
    <on>68.0</on>
    <off>69.0</off>
    <color>255,255,255</color>
  </event>
  <event>
    <channel>1</channel>
    <power>1</power>
    <on>69.0</on>
    <off>70.0</off>
    <color>255,255,255</color>
  </event>
  <event>
    <channel>3</channel>
    <power>1</power>
    <on>70.0</on>
    <off>71.0</off>
    <color>255,255,255</color>
  </event>
  <event>
    <channel>4</channel>
    <power>1</power>
    <on>71.0</on>
    <off>72.0</off>
    <color>255,255,255</color>
  </event>
  
  <event>
    <channel>0</channel>
    <power>1</power>
    <on>72.0</on>
    <off>73.0</off>
    <color>255,255,255</color>
  </event>
  <event>
    <channel>1</channel>
    <power>1</power>
    <on>73.0</on>
    <off>74.0</off>
    <color>255,255,255</color>
  </event>
  <event>
    <channel>3</channel>
    <power>1</power>
    <on>74.0</on>
    <off>75.0</off>
    <color>255,255,255</color>
  </event>
  <event>
    <channel>4</channel>
    <power>1</power>
    <on>75.0</on>
    <off>76.0</off>
    <color>255,255,255</color>
  </event>
  
  <event>
    <channel>0</channel>
    <power>1</power>
    <on>76.0</on>
    <off>77.0</off>
    <color>255,255,255</color>
  </event>
  <event>
    <channel>1</channel>
    <power>1</power>
    <on>77.0</on>
    <off>78.0</off>
    <color>255,255,255</color>
  </event>
  <event>
    <channel>3</channel>
    <power>1</power>
    <on>78.0</on>
    <off>79.0</off>
    <color>255,255,255</color>
  </event>
  <event>
    <channel>4</channel>
    <power>1</power>
    <on>79.0</on>
    <off>80.0</off>
    <color>255,255,255</color>
  </event>
  
  <event>
    <channel>0</channel>
    <power>1</power>
    <on>80.0</on>
    <off>81.0</off>
    <color>255,255,255</color>
  </event>
  <event>
    <channel>1</channel>
    <power>1</power>
    <on>81.0</on>
    <off>82.0</off>
    <color>255,255,255</color>
  </event>
  <event>
    <channel>3</channel>
    <power>1</power>
    <on>82.0</on>
    <off>83.0</off>
    <color>255,255,255</color>
  </event>
  <event>
    <channel>4</channel>
    <power>1</power>
    <on>83.0</on>
    <off>84.0</off>
    <color>255,255,255</color>
  </event>
  
  <event>
    <channel>0</channel>
    <power>1</power>
    <on>84.0</on>
    <off>85.0</off>
    <color>255,255,255</color>
  </event>
  <event>
    <channel>1</channel>
    <power>1</power>
    <on>85.0</on>
    <off>86.0</off>
    <color>255,255,255</color>
  </event>
  <event>
    <channel>3</channel>
    <power>1</power>
    <on>86.0</on>
    <off>87.0</off>
    <color>255,255,255</color>
  </event>
  <event>
    <channel>4</channel>
    <power>1</power>
    <on>87.0</on>
    <off>88.0</off>
    <color>255,255,255</color>
  </event>
  
  <event>
    <channel>0</channel>
    <power>1</power>
    <on>88.0</on>
    <off>89.0</off>
    <color>255,255,255</color>
  </event>
  <event>
    <channel>1</channel>
    <power>1</power>
    <on>89.0</on>
    <off>90.0</off>
    <color>255,255,255</color>
  </event>
  <event>
    <channel>3</channel>
    <power>1</power>
    <on>90.0</on>
    <off>91.0</off>
    <color>255,255,255</color>
  </event>
  <event>
    <channel>4</channel>
    <power>1</power>
    <on>91.0</on>
    <off>92.0</off>
    <color>255,255,255</color>
  </event>
  
  <event>
    <channel>0</channel>
    <power>1</power>
    <on>92.0</on>
    <off>93.0</off>
    <color>255,255,255</color>
  </event>
  <event>
    <channel>1</channel>
    <power>1</power>
    <on>93.0</on>
    <off>94.0</off>
    <color>255,255,255</color>
  </event>
  <event>
    <channel>3</channel>
    <power>1</power>
    <on>94.0</on>
    <off>95.0</off>
    <color>255,255,255</color>
  </event>
  <event>
    <channel>4</channel>
    <power>1</power>
    <on>95.0</on>
    <off>96.0</off>
    <color>255,255,255</color>
  </event>
  
  <event>
    <channel>0</channel>
    <power>1</power>
    <on>96.0</on>
    <off>97.0</off>
    <color>255,255,255</color>
  </event>
  <event>
    <channel>1</channel>
    <power>1</power>
    <on>97.0</on>
    <off>98.0</off>
    <color>255,255,255</color>
  </event>
  <event>
    <channel>3</channel>
    <power>1</power>
    <on>98.0</on>
    <off>99.0</off>
    <color>255,255,255</color>
  </event>
  <event>
    <channel>4</channel>
    <power>1</power>
    <on>99.0</on>
    <off>100.0</off>
    <color>255,255,255</color>
  </event>
  
  <event>
    <channel>0</channel>
    <power>1</power>
    <on>100.0</on>
    <off>101.0</off>
    <color>255,255,255</color>
  </event>
  <event>
    <channel>1</channel>
    <power>1</power>
    <on>101.0</on>
    <off>102.0</off>
    <color>255,255,255</color>
  </event>
  <event>
    <channel>3</channel>
    <power>1</power>
    <on>102.0</on>
    <off>103.0</off>
    <color>255,255,255</color>
  </event>
  <event>
    <channel>4</channel>
    <power>1</power>
    <on>103.0</on>
    <off>104.0</off>
    <color>255,255,255</color>
  </event>
  
  <event>
    <channel>0</channel>
    <power>1</power>
    <on>104.0</on>
    <off>105.0</off>
    <color>255,255,255</color>
  </event>
  <event>
    <channel>1</channel>
    <power>1</power>
    <on>105.0</on>
    <off>106.0</off>
    <color>255,255,255</color>
  </event>
  <event>
    <channel>3</channel>
    <power>1</power>
    <on>106.0</on>
    <off>107.0</off>
    <color>255,255,255</color>
  </event>
  <event>
    <channel>4</channel>
    <power>1</power>
    <on>107.0</on>
    <off>108.0</off>
    <color>255,255,255</color>
  </event>
  
  <event>
    <channel>0</channel>
    <power>1</power>
    <on>108.0</on>
    <off>109.0</off>
    <color>255,255,255</color>
  </event>
  <event>
    <channel>1</channel>
    <power>1</power>
    <on>109.0</on>
    <off>110.0</off>
    <color>255,255,255</color>
  </event>
  <event>
    <channel>3</channel>
    <power>1</power>
    <on>110.0</on>
    <off>111.0</off>
    <color>255,255,255</color>
  </event>
  <event>
    <channel>4</channel>
    <power>1</power>
    <on>111.0</on>
    <off>112.0</off>
    <color>255,255,255</color>
  </event>
  
  <event>
    <channel>0</channel>
    <power>1</power>
    <on>112.0</on>
    <off>113.0</off>
    <color>255,255,255</color>
  </event>
  <event>
    <channel>1</channel>
    <power>1</power>
    <on>113.0</on>
    <off>114.0</off>
    <color>255,255,255</color>
  </event>
  <event>
    <channel>3</channel>
    <power>1</power>
    <on>114.0</on>
    <off>115.0</off>
    <color>255,255,255</color>
  </event>
  <event>
    <channel>4</channel>
    <power>1</power>
    <on>115.0</on>
    <off>116.0</off>
    <color>255,255,255</color>
  </event>
  
  <event>
    <channel>0</channel>
    <power>1</power>
    <on>116.0</on>
    <off>117.0</off>
    <color>255,255,255</color>
  </event>
  <event>
    <channel>1</channel>
    <power>1</power>
    <on>117.0</on>
    <off>118.0</off>
    <color>255,255,255</color>
  </event>
  <event>
    <channel>3</channel>
    <power>1</power>
    <on>118.0</on>
    <off>119.0</off>
    <color>255,255,255</color>
  </event>
  <event>
    <channel>4</channel>
    <power>1</power>
    <on>119.0</on>
    <off>120.0</off>
    <color>255,255,255</color>
  </event>
  
  <event>
    <channel>0</channel>
    <power>1</power>
    <on>120.0</on>
    <off>121.0</off>
    <color>255,255,255</color>
  </event>
  <event>
    <channel>1</channel>
    <power>1</power>
    <on>121.0</on>
    <off>122.0</off>
    <color>255,255,255</color>
  </event>
  <event>
    <channel>3</channel>
    <power>1</power>
    <on>122.0</on>
    <off>123.0</off>
    <color>255,255,255</color>
  </event>
  <event>
    <channel>4</channel>
    <power>1</power>
    <on>123.0</on>
    <off>124.0</off>
    <color>255,255,255</color>
  </event>
  
  <event>
    <channel>0</channel>
    <power>1</power>
    <on>124.0</on>
    <off>125.0</off>
    <color>255,255,255</color>
  </event>
  <event>
    <channel>1</channel>
    <power>1</power>
    <on>125.0</on>
    <off>126.0</off>
    <color>255,255,255</color>
  </event>
  <event>
    <channel>3</channel>
    <power>1</power>
    <on>126.0</on>
    <off>127.0</off>
    <color>255,255,255</color>
  </event>
  <event>
    <channel>4</channel>
    <power>1</power>
    <on>127.0</on>
    <off>128.0</off>
    <color>255,255,255</color>
  </event>
  
  <event>
    <channel>0</channel>
    <power>1</power>
    <on>128.0</on>
    <off>129.0</off>
    <color>255,255,255</color>
  </event>
  <event>
    <channel>1</channel>
    <power>1</power>
    <on>129.0</on>
    <off>130.0</off>
    <color>255,255,255</color>
  </event>
  <event>
    <channel>3</channel>
    <power>1</power>
    <on>130.0</on>
    <off>131.0</off>
    <color>255,255,255</color>
  </event>
  <event>
    <channel>4</channel>
    <power>1</power>
    <on>131.0</on>
    <off>132.0</off>
    <color>255,255,255</color>
  </event>
  
  <event>
    <channel>0</channel>
    <power>1</power>
    <on>132.0</on>
    <off>133.0</off>
    <color>255,255,255</color>
  </event>
  <event>
    <channel>1</channel>
    <power>1</power>
    <on>133.0</on>
    <off>134.0</off>
    <color>255,255,255</color>
  </event>
  <event>
    <channel>3</channel>
    <power>1</power>
    <on>134.0</on>
    <off>135.0</off>
    <color>255,255,255</color>
  </event>
  <event>
    <channel>4</channel>
    <power>1</power>
    <on>135.0</on>
    <off>136.0</off>
    <color>255,255,255</color>
  </event>
  
  <event>
    <channel>0</channel>
    <power>1</power>
    <on>136.0</on>
    <off>137.0</off>
    <color>255,255,255</color>
  </event>
  <event>
    <channel>1</channel>
    <power>1</power>
    <on>137.0</on>
    <off>138.0</off>
    <color>255,255,255</color>
  </event>
  <event>
    <channel>3</channel>
    <power>1</power>
    <on>138.0</on>
    <off>139.0</off>
    <color>255,255,255</color>
  </event>
  <event>
    <channel>4</channel>
    <power>1</power>
    <on>139.0</on>
    <off>140.0</off>
    <color>255,255,255</color>
  </event>
  
  <event>
    <channel>0</channel>
    <power>1</power>
    <on>140.0</on>
    <off>141.0</off>
    <color>255,255,255</color>
  </event>
  <event>
    <channel>1</channel>
    <power>1</power>
    <on>141.0</on>
    <off>142.0</off>
    <color>255,255,255</color>
  </event>
  <event>
    <channel>3</channel>
    <power>1</power>
    <on>142.0</on>
    <off>143.0</off>
    <color>255,255,255</color>
  </event>
  <event>
    <channel>4</channel>
    <power>1</power>
    <on>143.0</on>
    <off>144.0</off>
    <color>255,255,255</color>
  </event>
  
  <event>
    <channel>0</channel>
    <power>1</power>
    <on>144.0</on>
    <off>145.0</off>
    <color>255,255,255</color>
  </event>
  <event>
    <channel>1</channel>
    <power>1</power>
    <on>145.0</on>
    <off>146.0</off>
    <color>255,255,255</color>
  </event>
  <event>
    <channel>3</channel>
    <power>1</power>
    <on>146.0</on>
    <off>147.0</off>
    <color>255,255,255</color>
  </event>
  <event>
    <channel>4</channel>
    <power>1</power>
    <on>147.0</on>
    <off>148.0</off>
    <color>255,255,255</color>
  </event>
  
  <event>
    <channel>0</channel>
    <power>1</power>
    <on>148.0</on>
    <off>149.0</off>
    <color>255,255,255</color>
  </event>
  <event>
    <channel>1</channel>
    <power>1</power>
    <on>149.0</on>
    <off>150.0</off>
    <color>255,255,255</color>
  </event>
  <event>
    <channel>3</channel>
    <power>1</power>
    <on>150.0</on>
    <off>151.0</off>
    <color>255,255,255</color>
  </event>
  <event>
    <channel>4</channel>
    <power>1</power>
    <on>151.0</on>
    <off>152.0</off>
    <color>255,255,255</color>
  </event>
  
  <event>
    <channel>0</channel>
    <power>1</power>
    <on>152.0</on>
    <off>153.0</off>
    <color>255,255,255</color>
  </event>
  <event>
    <channel>1</channel>
    <power>1</power>
    <on>153.0</on>
    <off>154.0</off>
    <color>255,255,255</color>
  </event>
  <event>
    <channel>3</channel>
    <power>1</power>
    <on>154.0</on>
    <off>155.0</off>
    <color>255,255,255</color>
  </event>
  <event>
    <channel>4</channel>
    <power>1</power>
    <on>155.0</on>
    <off>156.0</off>
    <color>255,255,255</color>
  </event>
  
  <event>
    <channel>0</channel>
    <power>1</power>
    <on>156.0</on>
    <off>157.0</off>
    <color>255,255,255</color>
  </event>
  <event>
    <channel>1</channel>
    <power>1</power>
    <on>157.0</on>
    <off>158.0</off>
    <color>255,255,255</color>
  </event>
  <event>
    <channel>3</channel>
    <power>1</power>
    <on>158.0</on>
    <off>159.0</off>
    <color>255,255,255</color>
  </event>
  <event>
    <channel>4</channel>
    <power>1</power>
    <on>159.0</on>
    <off>160.0</off>
    <color>255,255,255</color>
  </event>
  
  <event>
    <channel>0</channel>
    <power>1</power>
    <on>160.0</on>
    <off>161.0</off>
    <color>255,255,255</color>
  </event>
  <event>
    <channel>1</channel>
    <power>1</power>
    <on>161.0</on>
    <off>162.0</off>
    <color>255,255,255</color>
  </event>
  <event>
    <channel>3</channel>
    <power>1</power>
    <on>162.0</on>
    <off>163.0</off>
    <color>255,255,255</color>
  </event>
  <event>
    <channel>4</channel>
    <power>1</power>
    <on>163.0</on>
    <off>164.0</off>
    <color>255,255,255</color>
  </event>
  
  <event>
    <channel>0</channel>
    <power>1</power>
    <on>164.0</on>
    <off>165.0</off>
    <color>255,255,255</color>
  </event>
  <event>
    <channel>1</channel>
    <power>1</power>
    <on>165.0</on>
    <off>166.0</off>
    <color>255,255,255</color>
  </event>
  <event>
    <channel>3</channel>
    <power>1</power>
    <on>166.0</on>
    <off>167.0</off>
    <color>255,255,255</color>
  </event>
  <event>
    <channel>4</channel>
    <power>1</power>
    <on>167.0</on>
    <off>168.0</off>
    <color>255,255,255</color>
  </event>
  
  <event>
    <channel>0</channel>
    <power>1</power>
    <on>168.0</on>
    <off>169.0</off>
    <color>255,255,255</color>
  </event>
  <event>
    <channel>1</channel>
    <power>1</power>
    <on>169.0</on>
    <off>170.0</off>
    <color>255,255,255</color>
  </event>
  <event>
    <channel>3</channel>
    <power>1</power>
    <on>170.0</on>
    <off>171.0</off>
    <color>255,255,255</color>
  </event>
  <event>
    <channel>4</channel>
    <power>1</power>
    <on>171.0</on>
    <off>172.0</off>
    <color>255,255,255</color>
  </event>
  
  <event>
    <channel>0</channel>
    <power>1</power>
    <on>172.0</on>
    <off>173.0</off>
    <color>255,255,255</color>
  </event>
  <event>
    <channel>1</channel>
    <power>1</power>
    <on>173.0</on>
    <off>174.0</off>
    <color>255,255,255</color>
  </event>
  <event>
    <channel>3</channel>
    <power>1</power>
    <on>174.0</on>
    <off>175.0</off>
    <color>255,255,255</color>
  </event>
  <event>
    <channel>4</channel>
    <power>1</power>
    <on>175.0</on>
    <off>176.0</off>
    <color>255,255,255</color>
  </event>
  
  <event>
    <channel>0</channel>
    <power>1</power>
    <on>176.0</on>
    <off>177.0</off>
    <color>255,255,255</color>
  </event>
  <event>
    <channel>1</channel>
    <power>1</power>
    <on>177.0</on>
    <off>178.0</off>
    <color>255,255,255</color>
  </event>
  <event>
    <channel>3</channel>
    <power>1</power>
    <on>178.0</on>
    <off>179.0</off>
    <color>255,255,255</color>
  </event>
  <event>
    <channel>4</channel>
    <power>1</power>
    <on>179.0</on>
    <off>180.0</off>
    <color>255,255,255</color>
  </event>
  
  <event>
    <channel>0</channel>
    <power>1</power>
    <on>180.0</on>
    <off>181.0</off>
    <color>255,255,255</color>
  </event>
  <event>
    <channel>1</channel>
    <power>1</power>
    <on>181.0</on>
    <off>182.0</off>
    <color>255,255,255</color>
  </event>
  <event>
    <channel>3</channel>
    <power>1</power>
    <on>182.0</on>
    <off>183.0</off>
    <color>255,255,255</color>
  </event>
  <event>
    <channel>4</channel>
    <power>1</power>
    <on>183.0</on>
    <off>184.0</off>
    <color>255,255,255</color>
  </event>
  
  <event>
    <channel>0</channel>
    <power>1</power>
    <on>184.0</on>
    <off>185.0</off>
    <color>255,255,255</color>
  </event>
  <event>
    <channel>1</channel>
    <power>1</power>
    <on>185.0</on>
    <off>186.0</off>
    <color>255,255,255</color>
  </event>
  <event>
    <channel>3</channel>
    <power>1</power>
    <on>186.0</on>
    <off>187.0</off>
    <color>255,255,255</color>
  </event>
  <event>
    <channel>4</channel>
    <power>1</power>
    <on>187.0</on>
    <off>188.0</off>
    <color>255,255,255</color>
  </event>
  
  <event>
    <channel>0</channel>
    <power>1</power>
    <on>188.0</on>
    <off>189.0</off>
    <color>255,255,255</color>
  </event>
  <event>
    <channel>1</channel>
    <power>1</power>
    <on>189.0</on>
    <off>190.0</off>
    <color>255,255,255</color>
  </event>
  <event>
    <channel>3</channel>
    <power>1</power>
    <on>190.0</on>
    <off>191.0</off>
    <color>255,255,255</color>
  </event>
  <event>
    <channel>4</channel>
    <power>1</power>
    <on>191.0</on>
    <off>192.0</off>
    <color>255,255,255</color>
  </event>
  
  <event>
    <channel>0</channel>
    <power>1</power>
    <on>192.0</on>
    <off>193.0</off>
    <color>255,255,255</color>
  </event>
  <event>
    <channel>1</channel>
    <power>1</power>
    <on>193.0</on>
    <off>194.0</off>
    <color>255,255,255</color>
  </event>
  <event>
    <channel>3</channel>
    <power>1</power>
    <on>194.0</on>
    <off>195.0</off>
    <color>255,255,255</color>
  </event>
  <event>
    <channel>4</channel>
    <power>1</power>
    <on>195.0</on>
    <off>196.0</off>
    <color>255,255,255</color>
  </event>
  
  <event>
    <channel>0</channel>
    <power>1</power>
    <on>196.0</on>
    <off>197.0</off>
    <color>255,255,255</color>
  </event>
  <event>
    <channel>1</channel>
    <power>1</power>
    <on>197.0</on>
    <off>198.0</off>
    <color>255,255,255</color>
  </event>
  <event>
    <channel>3</channel>
    <power>1</power>
    <on>198.0</on>
    <off>199.0</off>
    <color>255,255,255</color>
  </event>
  <event>
    <channel>4</channel>
    <power>1</power>
    <on>199.0</on>
    <off>200.0</off>
    <color>255,255,255</color>
  </event>
  
</repeat>