<?xml version="1.0" encoding="ISO-8859-1"?>
<config>

  <!-- The starting directory. -->
  <directory type="directory">C:/Data/</directory>
  
  <!-- The setup name -->
  <setup_name type="string">storm2 hcam</setup_name>

  <!-- The ui type, this is 'classic' or 'detached' -->
  <ui_type type="string">classic</ui_type>

  <!--
      This has two effects:
      
      (1) If this is True any exception will immediately crash HAL, which can
      be useful for debugging. If it is False then some exceptions will be
      handled by the modules.
      
      (2) If it is False we also don't check whether messages are valid.
  -->
  <strict type="boolean">True</strict>
  
  <!--
      Define the modules to use for this setup.
  -->
  <modules>

    <!--
	This is the main window, you must have this.
    -->
    <hal>
      <class_name type="string">HalController</class_name>
      <module_name type="string">storm_control.hal4000.hal4000</module_name>
    </hal>

    <!--
	You also need all of these.
    -->

    <!-- Camera display. -->
    <display>
      <class_name type="string">Display</class_name>
      <module_name type="string">storm_control.hal4000.display.display</module_name>
      <parameters>

	<!-- The default color table. Other options are in hal4000/colorTables/all_tables -->
	<colortable type="string">idl5.ctbl</colortable>

      </parameters>
    </display>
    
    <!-- Feeds. -->
    <feeds>
      <class_name type="string">Feeds</class_name>
      <module_name type="string">storm_control.hal4000.feeds.feeds</module_name>
    </feeds>

    <!-- Filming and starting/stopping the camera. -->
    <film>
      <class_name type="string">Film</class_name>
      <module_name type="string">storm_control.hal4000.film.film</module_name>

      <!-- Film parameters specific to this setup go here. -->
      <parameters>
	<extension desc="Movie file name extension" type="string" values=",A647,Cy5,Cy3,Cy2,A405,FITC,YFP,GFP,BF"></extension>
      </parameters>
    </film>

    <!-- Which objective is being used, etc. -->
    <mosaic>
      <class_name type="string">Mosaic</class_name>
      <module_name type="string">storm_control.hal4000.mosaic.mosaic</module_name>

      <!-- List objectives available on this setup here. -->
      <parameters>
	<flip_horizontal desc="Flip image horizontal (mosaic)" type="boolean">False</flip_horizontal>
	<flip_vertical desc="Flip image vertical (mosaic)" type="boolean">False</flip_vertical>
	<transpose desc="Transpose image (mosaic)" type="boolean">False</transpose>

	<objective desc="Current objective" type="string" values="obj1,obj2">obj1</objective>
	<obj1 desc="Objective 1" type="custom">60x,0.160,0.0,0.0</obj1>
	<obj2 desc="Objective 2" type="custom">10x,1.6,0.0,0.0</obj2>	
	<obj3 desc="Objective 3" type="custom">4x,4.0,0.0,0.0</obj3>
      </parameters>
    </mosaic>

    <!-- Loading, changing and editting settings/parameters -->
    <settings>
      <class_name type="string">Settings</class_name>
      <module_name type="string">storm_control.hal4000.settings.settings</module_name>
    </settings>

    <!-- Set the time base for films. -->
    <timing>
      <class_name type="string">Timing</class_name>
      <module_name type="string">storm_control.hal4000.timing.timing</module_name>
      <parameters>
	<time_base type="string">camera1</time_base>
      </parameters>
    </timing>
  
    <!--
	Everything else is optional, but you probably want at least one camera.
    -->

    <!-- Camera control. -->
    <!--
	Note that the cameras must have the names "camera1", "camera2", etc..
	
	Cameras are either "master" (they provide their own hardware timing)
	or "slave" they are timed by another camera. Each time the cameras
	are started the slave cameras are started first, then the master cameras.
    -->

    <camera1>
      <class_name type="string">Camera</class_name>
      <module_name type="string">storm_control.hal4000.camera.camera</module_name>
      <camera>
	<master type="boolean">True</master>
	<class_name type="string">HamamatsuCameraControl</class_name>
	<module_name type="string">storm_control.hal4000.camera.hamamatsuCameraControl</module_name>
	<parameters>

	  <!-- Which camera to use -->
	  <camera_id type="int">0</camera_id>

	  <!-- These are the display defaults, not the camera range. -->
	  <default_max type="int">2000</default_max> 
	  <default_min type="int">100</default_min>
	  <flip_horizontal type="boolean">False</flip_horizontal>
	  <flip_vertical type="boolean">False</flip_vertical>
	  <transpose type="boolean">False</transpose>

	  <!-- These can be changed / editted. -->

	  <!-- This is the extension to use (if any) when saving data from this camera. -->
	  <extension type="string"></extension>
	  
	  <!-- Whether or not data from this camera is saved during filming. -->
	  <saved type="boolean">True</saved>

	</parameters>
      </camera>
    </camera1>

    <ctech_aotf>
      <module_name type="string">storm_control.sc_hardware.crystalTechnologies.aotfModule</module_name>
      <class_name type="string">AOTF64BitModule</class_name>
      <configuration>
	<use_fsk type="boolean">True</use_fsk>
	<fsk_mode type="int">1</fsk_mode>
	<python32_exe type="string">C:/Users/hazen/AppData/Local/Programs/Python/Python36-32/python</python32_exe>

	<ch647>
	  <maximum type="int">6300</maximum>
	  <channel type="int">3</channel>
	  <off_frequency type="float">20.0</off_frequency>
	  <on_frequency type="float">89.56</on_frequency>
	</ch647>

	<ch560>
	  <maximum type="int">6000</maximum>
	  <channel type="int">2</channel>
	  <off_frequency type="float">20.0</off_frequency>
	  <on_frequency type="float">107.84</on_frequency>
	</ch560>

	<ch488>
	  <maximum type="int">6100</maximum>
	  <channel type="int">2</channel>
	  <off_frequency type="float">20.0</off_frequency>
	  <on_frequency type="float">129.90</on_frequency>
	</ch488>

      </configuration>

    </ctech_aotf>

    <!-- DAQ control -->
    <daq>
      <module_name type="string">storm_control.sc_hardware.nationalInstruments.nidaqModule</module_name>
      <class_name type="string">NidaqModule</class_name>

      <configuration>

	<!-- This is the default timing source to use while filming. "Oversampled"
	     films will use the counter for timing. The counter is driven by the
	     camera fire pin. Other films will just use the camera fire pin directly.
	-->
	<timing>
	  <camera_fire_pin type="string">/Dev1/PFI0</camera_fire_pin>
	  <counter type="string">/Dev1/ctr0</counter>
	  <counter_out type="string">/Dev1/PFI12</counter_out>
	</timing>

	<!-- These are the things that we provide DAQ functionality for.
	     Other modules will request them with a 'get functionality'
	     message and "name" = "daq.xxx.yyy". -->

	<ilm750>
	  <do_task>
	    <source type="string">/Dev1/port0/line4</source>
	  </do_task>
	</ilm750>

	<ilm647>
	  <ao_task>
	    <source type="string">/Dev1/ao3</source>
	  </ao_task>
	  <do_task>
	    <source type="string">/Dev1/port0/line12</source>
	  </do_task>
	</ilm647>
	<ilm647sh>
	  <do_task>
	    <source type="string">/Dev1/port0/line3</source>
	  </do_task>
	</ilm647sh>

	<ilm560>
	  <ao_task>
	    <source type="string">/Dev1/ao2</source>
	  </ao_task>
	  <do_task>
	    <source type="string">/Dev1/port0/line11</source>
	  </do_task>
	</ilm560>
	<ilm560sh>
	  <do_task>
	    <source type="string">/Dev1/port0/line2</source>
	  </do_task>
	</ilm560sh>

	<ilm488>
	  <ao_task>
	    <source type="string">/Dev1/ao1</source>
	  </ao_task>
	  <do_task>
	    <source type="string">/Dev1/port0/line10</source>
	  </do_task>
	</ilm488>
	<ilm488sh>
	  <do_task>
	    <source type="string">/Dev1/port0/line1</source>
	  </do_task>
	</ilm488sh>

	<ilm405>
	  <ao_task>
	    <source type="string">/Dev1/ao0</source>
	  </ao_task>
	</ilm405>
	<ilm405sh>
	  <do_task>
	    <source type="string">/Dev1/port0/line0</source>
	  </do_task>
	</ilm405sh>	

      </configuration>      
    </daq>

    <!-- Illumination (lasers, shutters, etc) control GUI. -->
    <illumination>
      <class_name type="string">Illumination</class_name>
      <module_name type="string">storm_control.hal4000.illumination.illumination</module_name>
      <configuration>

	<!-- Note: The name of the channel is the gui_name.
	     XML tags cannot start with numbers. -->
	<ch1>
	  <gui_name type="string">750</gui_name>
	  <color type="string">200,0,0</color>
	  <digital_modulation>
	    <hw_fn_name type="string">daq.ilm750.do_task</hw_fn_name>
	  </digital_modulation>
	</ch1>

	<ch2>
	  <gui_name type="string">647</gui_name>
	  <color type="string">255,0,0</color>
	  <amplitude_modulation>
	    <hw_fn_name>ctech_aotf.ch647</hw_fn_name>
	  </amplitude_modulation>
	  <analog_modulation>
	    <hw_fn_name type="string">daq.ilm647.ao_task</hw_fn_name>
	    <max_voltage type="float">1.0</max_voltage>
	    <min_voltage type="float">0.0</min_voltage>
	  </analog_modulation>
	  <digital_modulation>
	    <hw_fn_name type="string">daq.ilm647.do_task</hw_fn_name>
	  </digital_modulation>
	  <mechanical_shutter>
	    <hw_fn_name type="string">daq.ilm647sh.do_task</hw_fn_name>
	  </mechanical_shutter>
	</ch2>

	<ch3>
	  <gui_name type="string">560</gui_name>
	  <color type="string">255,255,0</color>
	  <amplitude_modulation>
	    <hw_fn_name>ctech_aotf.ch560</hw_fn_name>
	  </amplitude_modulation>
	  <analog_modulation>
	    <hw_fn_name type="string">daq.ilm560.ao_task</hw_fn_name>
	    <max_voltage type="float">1.0</max_voltage>
	    <min_voltage type="float">0.0</min_voltage>
	  </analog_modulation>
	  <digital_modulation>
	    <hw_fn_name type="string">daq.ilm560.do_task</hw_fn_name>
	  </digital_modulation>
	  <mechanical_shutter>
	    <hw_fn_name type="string">daq.ilm560sh.do_task</hw_fn_name>
	  </mechanical_shutter>
	</ch3>

	<ch4>
	  <gui_name type="string">488</gui_name>
	  <color type="string">0,100,255</color>
	  <amplitude_modulation>
	    <hw_fn_name>ctech_aotf.ch488</hw_fn_name>
	  </amplitude_modulation>
	  <analog_modulation>
	    <hw_fn_name type="string">daq.ilm488.ao_task</hw_fn_name>
	    <max_voltage type="float">1.0</max_voltage>
	    <min_voltage type="float">0.0</min_voltage>
	  </analog_modulation>
	  <digital_modulation>
	    <hw_fn_name type="string">daq.ilm488.do_task</hw_fn_name>
	  </digital_modulation>
	  <mechanical_shutter>
	    <hw_fn_name type="string">daq.ilm488sh.do_task</hw_fn_name>
	  </mechanical_shutter>
	</ch4>

	<ch5>
	  <gui_name type="string">405</gui_name>
	  <color type="string">255,0,255</color>
	  <amplitude_modulation>
	    <hw_fn_name>cube405</hw_fn_name>
	  </amplitude_modulation>
	  <analog_modulation>
	    <hw_fn_name type="string">daq.ilm405.ao_task</hw_fn_name>
	    <max_voltage type="float">5.0</max_voltage>
	    <min_voltage type="float">0.0</min_voltage>
	  </analog_modulation>
	  <mechanical_shutter>
	    <hw_fn_name type="string">daq.ilm405sh.do_task</hw_fn_name>
	  </mechanical_shutter>
	</ch5>

      </configuration>
    </illumination>

  </modules>
  
</config>
