<?xml version="1.0" encoding="ISO-8859-1"?>
<config>

  <!-- The starting directory. -->
  <directory type="directory">C:/Data/</directory>

  <!-- The setup name -->
  <setup_name type="string">STORM6</setup_name>

  <!-- The ui type, this is 'classic' or 'detached' -->
  <ui_type type="string">classic</ui_type>

  <!--
      This has two effects:
      
      (1) If this is True any exception will immediately crash HAL, which can
      be useful for debugging. If it is False then some exceptions will be
      handled by the modules.
      
      (2) If it is False we also don't check whether messages are valid.
  -->
  <strict type="boolean">True</strict>
  
  <!--
      Define the modules to use for this setup.
  -->
  <modules>

    <!--
    This is the main window, you must have this.
    -->
    <hal>
      <module_name type="string">storm_control.hal4000.hal4000</module_name>
      <class_name type="string">HalController</class_name>
    </hal>

    <!--
    You also need all of these.
    -->

    <!-- Camera display. -->
    <display>
      <class_name type="string">Display</class_name>
      <module_name type="string">storm_control.hal4000.display.display</module_name>
      <parameters>

    <!-- The default color table. Other options are in hal4000/colorTables/all_tables -->
    <colortable type="string">ramp_sat.ctbl</colortable>
    
      </parameters>
    </display>
    
    <!-- Feeds. -->
    <feeds>
      <class_name type="string">Feeds</class_name>
      <module_name type="string">storm_control.hal4000.feeds.feeds</module_name>
    </feeds>

    <!-- Filming and starting/stopping the camera. -->
    <film>
      <class_name type="string">Film</class_name>
      <module_name type="string">storm_control.hal4000.film.film</module_name>

      <!-- Film parameters specific to this setup go here. -->
      <parameters>
    <extension desc="Movie file name extension" type="string" values=",Red,Green,Blue"></extension>
      </parameters>
    </film>

    <!-- Which objective is being used, etc. -->
    <mosaic>
      <class_name type="string">Mosaic</class_name>
      <module_name type="string">storm_control.hal4000.mosaic.mosaic</module_name>

      <!-- List objectives available on this setup here. -->
      <parameters>
    <flip_horizontal desc="Flip image horizontal (mosaic)" type="boolean">False</flip_horizontal>
    <flip_vertical desc="Flip image vertical (mosaic)" type="boolean">True</flip_vertical>
    <transpose desc="Transpose image (mosaic)" type="boolean">True</transpose>

    <objective desc="Current objective" type="string" values="obj1,obj2,obj3">obj1</objective>
    <obj1 desc="Objective 1" type="custom">60x,0.108,0.0,0.0</obj1>
    <obj2 desc="Objective 2" type="custom">10x,0.66,0.0,0.0</obj2>  
      </parameters>
    </mosaic>

    <!-- Loading, changing and editting settings/parameters -->
    <settings>
      <class_name type="string">Settings</class_name>
      <module_name type="string">storm_control.hal4000.settings.settings</module_name>
    </settings>

    <!-- Set the time base for films. -->
    <timing>
      <class_name type="string">Timing</class_name>
      <module_name type="string">storm_control.hal4000.timing.timing</module_name>
      <parameters>
    <time_base type="string">camera1</time_base>
      </parameters>
    </timing>
  
    <!--
    Everything else is optional, but you probably want at least one camera.
    -->

    <!-- Camera control. -->
    <!--
    Note that the cameras must have the names "camera1", "camera2", etc..
    
    Cameras are either "master" (they provide their own hardware timing)
    or "slave" they are timed by another camera. Each time the cameras
    are started the slave cameras are started first, then the master cameras.
    -->

    <camera1>
      <class_name type="string">Camera</class_name>
      <module_name type="string">storm_control.hal4000.camera.camera</module_name>
      <camera>
    <master type="boolean">True</master>
    <class_name type="string">HamamatsuCameraControl</class_name>
    <module_name type="string">storm_control.hal4000.camera.hamamatsuCameraControl</module_name>
    <parameters>
    
	  <!-- Which camera to use -->
	  <camera_id type="int">0</camera_id>
          <!-- These should be specified for every camera, and cannot be changed
           in HAL when running. -->
      <!-- These are the display defaults, not the camera range. -->
      <default_max type="int">10000</default_max> 
      <default_min type="int">100</default_min>
      <flip_horizontal type="boolean">True</flip_horizontal>
      <flip_vertical type="boolean">False</flip_vertical>
      <transpose type="boolean">True</transpose>

      <!-- These can be changed / editted. -->

      <!-- This is the extension to use (if any) when saving data from this camera. -->
      <extension type="string"></extension>
      
      <!-- Whether or not data from this camera is saved during filming. -->
      <saved type="boolean">True</saved>

    </parameters>
      </camera>
    </camera1>


    
    <!-- DAQ control -->
    <daq>
      <module_name type="string">storm_control.sc_hardware.nationalInstruments.nidaqModule</module_name>
      <class_name type="string">NidaqModule</class_name>

      <configuration>

	<!-- This is the default timing source to use while filming. "Oversampled"
	     films will use the counter for timing. The counter is driven by the
	     camera fire pin. Other films will just use the camera fire pin directly.
		 rising_edge specifies whether the counter is incremented upon the 
		 rising (True) or falling (False) edge of the camera signal
	-->
	<timing>
	  <camera_fire_pin type="string">/Dev4/PFI0</camera_fire_pin>
	  <counter type="string">/Dev4/ctr0</counter>
	  <rising_edge type="boolean">False</rising_edge>
	</timing>

	<!-- These are the things that we provide DAQ functionality for.
	     Other modules will request them with a 'get functionality'
	     message and "name" = "daq.xxx.yyy". -->

    <ilm750>
      <do_task>
        <source type="string">/Dev4/port0/line5</source>
      </do_task>
    </ilm750>

    <ilm647>
      <do_task>
        <source type="string">/Dev4/port0/line4</source>
      </do_task>      
    </ilm647>


    <ilm561>
      <do_task>
        <source type="string">/Dev4/port0/line3</source>
      </do_task>
    </ilm561>


    <ilm488>
      <do_task>
        <source type="string">/Dev4/port0/line2</source>
      </do_task>
    </ilm488>

    <ilm405>
      <do_task>
        <source type="string">/Dev4/port0/line1</source>
      </do_task>
    </ilm405>    
    
	<mcl>
	  <ao_task>
	    <source type="string">/Dev4/ao0</source>
	  </ao_task>
	</mcl>
	
	<ir_laser>
	  <ct_task>
	    <source type="string">/Dev4/ctr0</source>
	    <frequency type="float">50000</frequency>
	  </ct_task>
	</ir_laser>
    
      </configuration>
      
    </daq>

  

  
    <!-- Illumination (lasers, shutters, etc) control GUI. -->
    <illumination>
      <class_name type="string">Illumination</class_name>
      <module_name type="string">storm_control.hal4000.illumination.illumination</module_name>
      <configuration>

    <!-- Note: The name of the channel is the gui_name.
         XML tags cannot start with numbers. -->
    <ch1>
      <gui_name type="string">750</gui_name>
      <color type="string">200,0,0</color>
      <amplitude_modulation>
        <hw_fn_name>Lumencor750</hw_fn_name>
      </amplitude_modulation>
      <digital_modulation>
        <hw_fn_name type="string">daq.ilm750.do_task</hw_fn_name>
      </digital_modulation>
    </ch1>
    <ch2>
      <gui_name type="string">647</gui_name>
      <color type="string">255,0,0</color>
      <amplitude_modulation>
        <hw_fn_name>Lumencor647</hw_fn_name>
      </amplitude_modulation> 
      <digital_modulation>
        <hw_fn_name type="string">daq.ilm647.do_task</hw_fn_name>
      </digital_modulation>
    </ch2>
    <ch3>
      <gui_name type="string">561</gui_name>
      <color type="string">255,255,0</color>
      <amplitude_modulation>
        <hw_fn_name>Lumencor561</hw_fn_name>
      </amplitude_modulation>  
      <digital_modulation>
        <hw_fn_name type="string">daq.ilm561.do_task</hw_fn_name>
      </digital_modulation>
    </ch3>

    <ch4>
      <gui_name type="string">488</gui_name>
      <color type="string">0,255,255</color>
      <amplitude_modulation>
        <hw_fn_name>Lumencor488</hw_fn_name>
      </amplitude_modulation>      
      <digital_modulation>
        <hw_fn_name type="string">daq.ilm488.do_task</hw_fn_name>
      </digital_modulation>
    </ch4>
    <ch5>
      <gui_name type="string">405</gui_name>
      <color type="string">255,0,255</color>
      <amplitude_modulation>
        <hw_fn_name>Lumencor405</hw_fn_name>
      </amplitude_modulation>
      <digital_modulation>
        <hw_fn_name type="string">daq.ilm405.do_task</hw_fn_name>
      </digital_modulation>
    </ch5>
      </configuration>
    </illumination>

    <!-- Lumencor 405 laser control. -->
    <Lumencor405>
      <module_name type="string">storm_control.sc_hardware.lumencor.LumencorModule</module_name>
      <class_name type="string">Celesta</class_name>
      <configuration>
    <ip type="string">192.168.201.200</ip>
    <laser_id type="int">0</laser_id>
    <used_during_filming type="boolean">True</used_during_filming>
      </configuration>
    </Lumencor405>
    
    <!-- Lumencor 488 laser control. -->
    <Lumencor488>
      <module_name type="string">storm_control.sc_hardware.lumencor.LumencorModule</module_name>
      <class_name type="string">Celesta</class_name>
      <configuration>
    <ip type="string">192.168.201.200</ip>
    <laser_id type="int">1</laser_id>
    <used_during_filming type="boolean">True</used_during_filming>
      </configuration>
    </Lumencor488>
    
    <!-- Lumencor 561 laser control. -->
    <Lumencor561>
      <module_name type="string">storm_control.sc_hardware.lumencor.LumencorModule</module_name>
      <class_name type="string">Celesta</class_name>
      <configuration>
    <ip type="string">192.168.201.200</ip>
    <laser_id type="int">2</laser_id>
    <used_during_filming type="boolean">True</used_during_filming>
      </configuration>
    </Lumencor561>
    
    <!-- Lumencor 647 laser control. -->
    <Lumencor647>
      <module_name type="string">storm_control.sc_hardware.lumencor.LumencorModule</module_name>
      <class_name type="string">Celesta</class_name>
      <configuration>
    <ip type="string">192.168.201.200</ip>
    <laser_id type="int">3</laser_id>
    <used_during_filming type="boolean">True</used_during_filming>
      </configuration>
    </Lumencor647>
    
    <!-- Lumencor 750 laser control. -->
    <Lumencor750>
      <module_name type="string">storm_control.sc_hardware.lumencor.LumencorModule</module_name>
      <class_name type="string">Celesta</class_name>
      <configuration>
    <ip type="string">192.168.201.200</ip>
    <laser_id type="int">4</laser_id>
    <used_during_filming type="boolean">True</used_during_filming>
      </configuration>
    </Lumencor750> 

    <!-- Decided on no IR control -->
     <none_irlaser>
      <module_name type="string">storm_control.sc_hardware.none.noneIRLaserModule</module_name>
      <class_name type="string">NoneIRLaserModule</class_name>
    </none_irlaser>
    
    <!-- Ludl stage, COM port: COM6 2021/06/16-->
    <ludl_stage>
      <module_name type="string">storm_control.sc_hardware.ludl.ludlModule</module_name>
      <class_name type="string">LudlStageRS232</class_name>
      
      <configuration>	
	<com_port type="string">COM7</com_port> 
      </configuration>
    </ludl_stage>   

    <!-- LUDL Z piezo -->
    <mcl_zstage>
      <module_name type="string">storm_control.sc_hardware.ludl.ludlVoltageZModule</module_name>
      <class_name type="string">LudlVoltageZ</class_name>

      <configuration>
	<parameters>
	  <center type="float">150.0</center>
	  <has_center_bar type="boolean">True</has_center_bar>
	  <maximum type="float">350.0</maximum>
	  <minimum type="float">0.0</minimum>
	  <warning_high type="float">315.0</warning_high>
	  <warning_low type="float">35.0</warning_low>
	</parameters>
	<ao_fn_name type="string">daq.mcl.ao_task</ao_fn_name>
	<microns_to_volts type="float">0.0286</microns_to_volts> <!-- Calculated by 10V / 350um -->
      </configuration>
    </mcl_zstage>


    <!-- Stage control GUI -->
    <stage>
      <class_name type="string">Stage</class_name>
      <module_name type="string">storm_control.hal4000.stage.stage</module_name>
      <configuration>
	<stage_functionality type="string">ludl_stage</stage_functionality>
      </configuration>
    </stage>

    <!-- Thorlabs UC480 camera for the focus lock -->
    <uc480_camera>
      <class_name type="string">UC480Camera</class_name>
      <module_name type="string">storm_control.sc_hardware.thorlabs.uc480CameraModule</module_name>
      <configuration>
	<parameters>
	
	  <offset_has_center_bar type="boolean">True</offset_has_center_bar>
	  <offset_maximum type="float">1.500</offset_maximum>
	  <offset_minimum type="float">0.2</offset_minimum>
	  
	  <offset_warning_high type="float">1.45</offset_warning_high>
	  <offset_warning_low type="float">.25</offset_warning_low>
	  
	  <sum_maximum type="float">240000.0</sum_maximum>
	  <sum_warning_low type="float">10000.0</sum_warning_low>
	  <sum_minimum type="float">0.0</sum_minimum>
	  
	  
	  
	  
	</parameters>
	<background type="int">32000</background>
	<camera_id type="int">1</camera_id>
	<ini_file type="string">uc480_settings.ini</ini_file>
	<offset_file type="string">C:\Users\neoSTORM6\Documents\STORM6\storm_control\hal4000\data\cam_offsets_storm6.txt</offset_file>
	<pixel_clock type="int">25</pixel_clock>
    <sigma type="float">4.0</sigma> <!-- changed this sigma from 3.0 to 4.0 to better fit and visualize IR spots -->
	<uc480_dll type="string">C:\Windows\SysWOW64\uc480_64.dll</uc480_dll>
	<x_width type="int">320</x_width>
	<y_width type="int">80</y_width>
	<units_to_microns type="float">-0.03</units_to_microns> <!-- changed to -0.025 according to Aaron's suggestion -->

  <!-- a minus sign is needed for proper feedback control, this converts lock poition into positive float -->
    <use_storm_analysis type="boolean">True</use_storm_analysis>
      </configuration>
    </uc480_camera>

      <!-- Focus lock control GUI. -->
    <focuslock>
      <class_name type="string">FocusLock</class_name>
      <module_name type="string">storm_control.hal4000.focusLock.focusLock</module_name>
      <configuration>
    <!--<ir_laser type="string">none_irlaser</ir_laser>-->
	<ir_laser type="string">ldc_irlaser</ir_laser>
    <ir_power type="int">10</ir_power>
    <lock_modes type="string">NoLockMode,AutoLockMode,AlwaysOnLockMode,OptimalLockMode,CalibrationLockMode,HardwareZScanLockMode</lock_modes>
    <qpd type="string">uc480_camera</qpd>
    <z_stage type="string">mcl_zstage</z_stage>
    <!--<z_stage type="string">none_zstage</z_stage>-->
	<parameters>
	  <find_sum>
	    <step_size type="float">0.25</step_size>
	  </find_sum>
	  <locked>
	    <buffer_length type="int">5</buffer_length>
	    <offset_threshold type="float">3000.0</offset_threshold>
	  </locked>
	  <scan>
        <minimum_sum type="float">20000</minimum_sum>
        <scan_step type="float">0.2</scan_step>
	    <offset_threshold type="float">100.0</offset_threshold>
      </scan>
	  <jump_size type="float">0.1</jump_size>
	</parameters>
      </configuration>
    </focuslock>

    <!-- TCP control -->
    <tcp_control>
      <module_name type="string">storm_control.hal4000.tcpControl.tcpControl</module_name>
      <class_name type="string">TCPControl</class_name>        
      <configuration>
    <parallel_mode type="boolean">True</parallel_mode>
    <tcp_port type="int">9000</tcp_port>
      </configuration>
    </tcp_control>
    
	
	<!-- Thorlabs LDC control -->
    <ldc_irlaser>
      <module_name type="string">storm_control.sc_hardware.thorlabs.LDCModule</module_name>
      <class_name type="string">LDCIRLaserModule</class_name>

      <configuration>
	<ct_fn_name type="string">daq.ir_laser.ct_task</ct_fn_name>
      </configuration>
    </ldc_irlaser>
	
	

	
  </modules>
  
</config>
